<?xml version="1.0"?>
<!DOCTYPE hibernate-mapping PUBLIC "-//Hibernate/Hibernate Mapping DTD 3.0//EN"
"http://hibernate.sourceforge.net/hibernate-mapping-3.0.dtd">
<!-- Generated 2009.07.08. 11:15:05 by Hibernate Tools 3.2.2.GA -->
<hibernate-mapping>
    <class name="com.brevissimus.smartbpm.model.Node" table="Node">
        <id name="id" type="java.lang.Long">
            <column name="node_id" />
            <generator class="seqhilo">
                <param name="max_lo">19</param>
                <param name="sequence">SEQ_BBBPM</param>
            </generator>
        </id>
        <bag name="attributeTypes" inverse="false">
            <key>
                <column name="node_id" not-null="true" />
            </key>
            <many-to-many entity-name="com.brevissimus.smartbpm.model.AttributeType">
                <column name="attribute_type_id" not-null="true" />
            </many-to-many>
        </bag>
        <property name="order" type="int">
            <column name="order_by" />
        </property>
        <many-to-one name="state" class="com.brevissimus.smartbpm.model.State" cascade="all" fetch="join">
            <column name="state_id" not-null="true" />
        </many-to-one>
        <property name="validFrom" type="java.util.Date">
            <column name="valid_from" />
        </property>
    </class>
</hibernate-mapping>
