<?xml version="1.0"?>
<!DOCTYPE hibernate-mapping PUBLIC "-//Hibernate/Hibernate Mapping DTD 3.0//EN"
"http://hibernate.sourceforge.net/hibernate-mapping-3.0.dtd">
<!-- Generated 2009.07.14. 16:07:29 by Hibernate Tools 3.2.2.GA -->
<hibernate-mapping>
    <class name="com.brevissimus.smartbpm.model.Attribute" table="Attribute">
        <id name="id" type="java.lang.Long">
            <column name="attribute_id" />
            <generator class="seqhilo">
                <param name="max_lo">19</param>
                <param name="sequence">SEQ_BBBPM</param>
            </generator>
        </id>
        <many-to-one name="attributeType" class="com.brevissimus.smartbpm.model.AttributeType" cascade="all" fetch="join">
            <column name="attribute_type_id" not-null="true" />
        </many-to-one>
        <property name="booleanValue" type="java.lang.Boolean">
            <column name="boolean_value" />
        </property>
        <property name="dateValue" type="java.util.Date">
            <column name="date_value" />
        </property>
        <property name="intValue" type="java.lang.Integer">
            <column name="int_value" />
        </property>
        <many-to-one name="node" class="com.brevissimus.smartbpm.model.Node" cascade="all" fetch="join">
            <column name="node_id" not-null="true" />
        </many-to-one>
        <property name="order" type="java.lang.Integer">
            <column name="order_by" />
        </property>
        <many-to-one name="process" class="com.brevissimus.smartbpm.model.Process" fetch="join">
            <column name="process_id" />
        </many-to-one>
        <property name="stringValue" type="java.lang.String">
            <column name="string_value" />
        </property>
    </class>
</hibernate-mapping>
