<?xml version="1.0" encoding="UTF-8"?>
<!--  Brevissimus Co Spring config file-->
<beans  xmlns="http://www.springframework.org/schema/beans"
		xmlns:xsi="http://www.w3.org/2001/XMLSchema-instance"
		xmlns:context="http://www.springframework.org/schema/context"
		xmlns:aop="http://www.springframework.org/schema/aop"
		xmlns:tx="http://www.springframework.org/schema/tx"
		xsi:schemaLocation="
		   http://www.springframework.org/schema/beans
           http://www.springframework.org/schema/beans/spring-beans-2.5.xsd
           http://www.springframework.org/schema/context
           http://www.springframework.org/schema/context/spring-context-2.5.xsd
		   http://www.springframework.org/schema/aop
           http://www.springframework.org/schema/aop/spring-aop-2.5.xsd
		   http://www.springframework.org/schema/tx
		   http://www.springframework.org/schema/tx/spring-tx-2.5.xsd"
		>
	<bean id="sessionFactory"
		class="org.springframework.orm.hibernate3.annotation.AnnotationSessionFactoryBean">
		<property name="configLocation">
			<value>classpath:hibernate.cfg.xml</value>
		</property>
	</bean>
	
	<bean id="txManager" class="org.springframework.orm.hibernate3.HibernateTransactionManager">
		<property name="sessionFactory" ref="sessionFactory" />
	</bean>
	
	<tx:annotation-driven transaction-manager="txManager"/>
	
	<aop:config>
		<aop:pointcut id="serviceMethods" expression="execution(* com.brevissimus.smartbpm.service.*.*(..))"/>
		<aop:advisor advice-ref="txAdvice" pointcut-ref="serviceMethods"/>
	</aop:config>
	
	<tx:advice id="txAdvice" transaction-manager="txManager">
		<tx:attributes>
			<!-- tx:method name="get*" read-only="true" /-->
			<tx:method name="is*" read-only="true" />
			<tx:method name="*" rollback-for="HibernateException"/>
		</tx:attributes>
	</tx:advice>
	
	<context:annotation-config />
	
	<context:component-scan base-package="com.brevissimus.smartbpm.service,com.brevissimus.smartbpm.dao,com.brevissimus.smartbpm.common,
	,org.springframework.orm.hibernate3.HibernateTemplate
	"/>
	
</beans>