<?xml version="1.0" encoding="UTF-8" ?>
<!DOCTYPE struts PUBLIC
    "-//Apache Software Foundation//DTD Struts Configuration 2.0//EN"
    "http://struts.apache.org/dtds/struts-2.0.dtd">
<struts>
    <constant name="struts.enable.DynamicMethodInvocation" value="false" /> 

    <package name="com.brevissimus.smartbpm.struts.action.UserAction" namespace="/userAdmin" extends="tiles-default">
        <action name="" class="com.brevissimus.smartbpm.struts.action.UserAction" method="execute">
            <result name="success" type="tiles">userAdmin</result>
        </action>

        <action name="login" class="com.brevissimus.smartbpm.struts.action.UserAction" method="authenticate">
            <result name="success" type="tiles">userAdmin</result>
            <result name="error" type="tiles">login</result>
        </action>

        <action name="add" class="com.brevissimus.smartbpm.struts.action.UserAction" method="add">
            <result name="success" type="tiles">userAdmin</result>
        </action>

        <action name="edit" class="com.brevissimus.smartbpm.struts.action.UserAction" method="edit">
            <result name="success" type="tiles">userAdmin</result>
        </action>
        
        <action name="search" class="com.brevissimus.smartbpm.struts.action.UserAction" method="search">
            <result name="success" type="tiles">userAdmin</result>
        </action>

        <action name="list" class="com.brevissimus.smartbpm.struts.action.UserAction" method="execute">
            <result name="success" type="tiles">userAdmin</result>
        </action>

        <action name="remove" class="com.brevissimus.smartbpm.struts.action.UserAction" method="remove">
            <result name="success" type="tiles">userAdmin</result>
        </action>

        <action name="save" class="com.brevissimus.smartbpm.struts.action.UserAction" method="save">
            <result name="success" type="tiles">userAdmin</result>
        </action>
    </package>
    <package name="com.brevissimus.smartbpm.struts.action.ProcessAction" namespace="/processes" extends="tiles-default">
        <action name="" class="com.brevissimus.smartbpm.struts.action.ProcessAction" method="execute">
            <result name="success" type="tiles">processes</result>
        </action>
    </package>
    
    
</struts>